検索順位,タイトル,URL
1,プログラミング言語 Python - python.jp,https://www.python.jp/
2,Welcome to Python.org,https://www.python.org/
3,Pythonってどんな言語なの？ (1/2)：Python入門 - ＠IT,https://www.atmarkit.co.jp/ait/articles/1904/02/news024.html
4,Python - ウィキペディア,https://ja.wikipedia.org/wiki/Python
5,Python | プログラミングの入門なら基礎から学べるProgate ...,https://prog-8.com/languages/python
6,Python - Qiita,https://qiita.com/tags/python
7,Pythonとは？大人気プログラミング言語のメリットや活用事例 ...,https://www.internetacademy.jp/it/programming/programming-basic/what-is-python.html
8,Python入門 〜Pythonのインストール方法やPythonを使った ...,https://www.javadrive.jp/python/
9,とほほのPython入門 - とほほのWWW入門,http://www.tohoho-web.com/python/
10,PyQ（パイキュー） - 本気でプログラミングを学びたい人の ...,https://pyq.jp/
11,Python入門編1:Pythonでプログラムを書いてみよう ... - Paiza,https://paiza.jp/works/python3/primer/beginner-python1/4001
12,Python入門編1: プログラミングを学ぶのチャプター一覧 - Paiza,https://paiza.jp/works/python3/primer/beginner-python1
13,"入門 Python 3 | Bill Lubanovic, 斎藤 康毅, 長尾 高弘 |本 | 通販 ...",https://www.amazon.co.jp/%E5%85%A5%E9%96%80-Python-3-Bill-Lubanovic/dp/4873117380
14,Python 1年生 体験してわかる！会話でまなべる ... - アマゾン,https://www.amazon.co.jp/Python-1%E5%B9%B4%E7%94%9F-%E4%BD%93%E9%A8%93%E3%81%97%E3%81%A6%E3%82%8F%E3%81%8B%E3%82%8B%EF%BC%81%E4%BC%9A%E8%A9%B1%E3%81%A7%E3%81%BE%E3%81%AA%E3%81%B9%E3%82%8B%EF%BC%81%E3%83%97%E3%83%AD%E3%82%B0%E3%83%A9%E3%83%9F%E3%83%B3%E3%82%B0%E3%81%AE%E3%81%97%E3%81%8F%E3%81%BF-%E6%A3%AE-%E5%B7%A7%E5%B0%9A/dp/4798153192
15,Python入門,https://www.isc.meiji.ac.jp/~be00085/Python3/index.html
16,Pythonのコース一覧｜CTC教育サービス 研修/トレーニング,https://www.school.ctc-g.co.jp/python/
17,Azure での Python | Microsoft Azure,https://azure.microsoft.com/ja-jp/develop/python/
18,Pythonとは？特徴やメリット・勉強法を解説【初心者向け ...,https://www.sejuku.net/blog/7720
19,PythonのIT勉強会・セミナー・イベント情報 - TECH PLAY ...,https://techplay.jp/tag/python
20,Pythonで何ができるの？ホリエモンが実際の活用 ... - YouTube,https://www.youtube.com/watch?v=k7045fj_bB4
21,2. Python 入門  ディープラーニング入門：Chainer ...,https://tutorials.chainer.org/ja/02_Basics_of_Python.html
22,Python | チュートリアル、API、SDK、ドキュメント | AWS ...,https://aws.amazon.com/jp/developer/language/python/
23,Python とはヘルプ | ArcGIS Desktop,https://desktop.arcgis.com/ja/arcmap/10.3/analyze/python/what-is-python-.htm
24,プログラミング言語「Python」の人気が止まらない理由とは ...,https://wired.jp/2020/04/30/python-language-more-popular-than-ever/
25,一般社団法人Pythonエンジニア育成推進協会 | Pythonの学習の ...,https://www.pythonic-exam.com/
26,Python入門 | 10秒で始めるAIプログラミング学習サービス ...,https://aidemy.net/courses/3010
27,Pythonってどんな言語？ 特徴と歴史を『独習Python』から解説,https://codezine.jp/article/detail/12457
28,Pythonとは？特徴・メリット・できること・将来性まで徹底解説,https://www.pasonatech.co.jp/workstyle/column/detail.html?p=2185
29,Python | IT用語辞典 | 大塚商会,https://www.otsuka-shokai.co.jp/words/python.html
30,PythonによるExcel自動化は何がスゴい？インストールから ...,https://www.sbbit.jp/article/cont1/46162
31,pythonの意味・使い方・読み方｜英辞郎 on the WEB,https://eow.alc.co.jp/search?q=python
32,なんでもPythonプログラミング 平林万能IT技術研究所の奇妙 ...,https://gihyo.jp/book/2020/978-4-297-11637-8
33,Pythonプログラミング入門 - Google Sites,https://sites.google.com/view/ut-python/
34,【連載】ゼロからはじめるPython | マイナビニュース,https://news.mynavi.jp/series/zeropython/
35,Python 2の終了日が2020年1月1日に決定 - InfoQ,https://www.infoq.com/jp/news/2019/11/python-2-end-of-life-approaching/
36,Python 1年生 体験してわかる！会話でまなべる ... - 翔泳社,https://www.shoeisha.co.jp/book/detail/9784798153193
37,Pythonの生みの親グイド・ヴァンロッサム氏がオープンソース ...,https://jp.techcrunch.com/2020/11/15/2020-11-12-python-creator-guido-van-rossum-joins-microsoft/
38,知っておくとPythonを早く会得できる5つのポイントを考察 ...,https://flxy.jp/article/11337
39,データ分析のためのPython基礎1-プログラミング編- | NEC ...,https://www.neclearning.jp/courseoutline/courseId/DB348/
40,一番人気の Python のコース - Python をオンラインで学習 ...,https://ja.coursera.org/courses?query=python
41,Python-izm | Python の入門から応用までをサポートする学習 ...,https://www.python-izm.com/
42,Pythonに関する情報 | note.nkmk.me,https://note.nkmk.me/python/
43,Python文法チュートリアル - SWEST,http://swest.toppers.jp/LED-Report/Camp4/materials/prep/python_tutorial.html
44,[MIT] Python入門 を日本語で無料で学ぼう｜Asuka Academy,https://www.asuka-academy.com/mit/Python.html
45,いまさら聞けないIT用語：注目のプログラミング言語「Python ...,https://data.wingarc.com/python-25838
46,Python入門研修〜Excel操作とWeb ... - インソース,https://www.insource.co.jp/bup/bup_python_beginner.html
47,オブジェクト指向のスクリプト言語「Python」のv3.9.1が公開 ...,https://forest.watch.impress.co.jp/docs/digest/1293810.html
48,オンラインPython学習サービス「PyQ」、プログラミング ...,https://prtimes.jp/main/html/rd/p/000000003.000025386.html
49,Python関連書籍 - オライリー・ジャパン,https://www.oreilly.co.jp/books/python/
